Sıcaklık (°C),Başlangıç Nem (%),Saat,Dış Nem (%),Hedef Nem (%)
24.367182020405163,43.70265857677239,6,80.88342236771976,37.525684952363996
34.16214320896857,50.838018947567164,2,71.1347452671153,44.76552570830869
30.443897010793886,57.45891671752817,22,65.3399219744045,47.902991969306285
28.177194231349624,54.644497728191226,13,75.7368416893998,49.17175579119841
20.652316887521422,56.131222957229,23,72.78161244498676,51.53344931374646
20.651906845715445,53.175667334214346,9,22.515707244508732,64.37639241576079
18.98742140685939,53.84553129035705,15,47.63140476913797,61.60937468946284
32.7249944781739,56.983913031306386,15,85.15651081215428,51.05409656657913
28.21895519963455,44.99336017718372,21,28.800698829455836,50.58381683574811
30.037233822532773,49.78849927286281,9,71.59675853024359,45.48787135982775
18.349936403028643,44.42418883639205,12,88.22142679347307,37.25994286485862
34.488467486753905,59.75336015993294,5,23.653904033148013,58.638416199827475
32.15152489360717,58.88118679373227,11,67.75357164386273,51.411535435778944
21.609764881530694,40.788536227370116,8,52.77078989107213,44.66330628621284
21.091024442520713,54.11150345031377,12,60.54226787623055,58.10719630458699
21.117876667508376,58.50496634831332,3,25.97389355390274,62.142640304008424
23.172118130312143,43.61150690254667,23,23.01048663068576,54.14702535795448
26.92085933774804,51.35890461105259,10,66.68066623856453,49.018588218006236
25.34306531691597,58.30976595176084,19,77.63166008745026,53.71960858266319
22.950895383366714,40.67891957171598,17,74.7410734453077,33.753669903790474
28.40149921028045,53.9484053449368,10,58.06640095063662,46.189625877760754
20.37139563108471,45.946980147451015,20,26.990677479532472,53.547795821081564
22.966459025098708,58.48792390753061,3,68.16311106852098,57.38722901456599
24.22815133599276,59.42116490330736,17,36.93222184879022,59.52845935909981
25.75318973168961,58.88532978226868,0,83.77480919371686,52.31833513593506
31.34799134368123,49.484284333149276,6,78.67857516819934,44.13950765529452
21.394454296692114,57.24085301978627,5,69.65680769611737,58.462923786766936
26.741985453031397,56.8909879707014,14,86.41921690817912,53.00970366841285
28.07104767065472,46.382009464865114,17,22.199527505789106,49.06543822394874
18.78965701623996,56.57830948301355,23,71.53402975425334,53.55717074955209
28.328262482324455,40.740152694309856,10,43.11699455354837,42.946882602246035
20.898910102683956,51.92539756964106,19,83.42461199804558,46.60214416966002
19.105877080749753,44.60017674575406,23,38.66726376633843,45.68927209238931
34.13105413330666,42.41133771554558,14,70.73995495205119,31.52583096518701
34.415744562267506,41.539064032584186,15,81.4352913755547,29.72995633165438
31.742754917979838,53.9257755175628,6,22.91597728678777,53.896366855977845
23.1784340759473,46.797499275361325,20,47.835330571442526,46.46327183257239
19.660425938108524,54.49533543057523,9,73.36163224153572,50.430555074957724
29.63196145070667,41.30712681597885,11,51.84432226553109,34.037273309350084
25.48259239357322,46.305806756612206,23,38.707684085551676,49.69392075095969
20.07464999236124,50.78982584750675,13,35.3863744176233,57.14815017133616
26.418007471891592,55.81446329677927,4,29.206278684146454,60.79803880879099
18.584604858958713,46.3750500586414,20,79.99906918993976,40.50603275151037
33.458446835339295,52.517827528740185,17,60.274878227608916,44.1901738816736
22.39925968720029,57.71955496472374,4,25.34694614940192,65.14669516069243
29.26287883401769,52.31726376364609,2,46.780622649944476,51.825975501247555
23.299088293519986,44.659189495072674,22,45.74135555635769,46.42467733058382
26.841156360022783,40.48801563113076,4,32.72174334966241,41.52722128128886
27.294074748835754,57.401977478018594,23,50.48553378305335,60.287143394736944
21.14252574393396,40.42538821700774,16,43.24695557751955,42.10243665252529
34.482938671997495,57.49403345368399,18,43.92625938445278,53.5235038051672
31.17725799713895,50.57874268054424,18,71.73185904515711,44.924880182485424
33.971482006591216,58.781353970257925,20,35.62843698536374,57.600139878557215
33.21206495727003,55.97566471547331,11,64.93019711987488,47.352452576507176
28.164299639788446,59.95868221066675,8,59.94547367166544,55.74388556100455
33.67186199539299,47.0142363090342,0,59.76647586365071,43.66981831714263
19.50437253488263,55.34376577862254,17,66.41051422992432,52.59076822006248
21.331708661125468,48.03861827218484,20,58.386742533695774,44.617967832651104
18.768863911479148,49.59751240607818,3,81.54785803924693,44.535140860786996
23.530615622975493,52.5501092643674,9,67.29060643651819,53.32202232045503
24.607513924721193,57.47354228372677,6,58.287427595997165,51.902196950730215
22.61293354015623,59.681669383985906,21,78.08341842013513,60.17547966360529
32.0885376555828,55.36546827729036,22,62.43025954534358,49.745176529706875
24.064806553791016,48.35533564334668,0,40.38009734496253,55.5953703371296
22.775886664685473,48.42714004554141,16,34.49664427235999,57.02983207958645
27.225833413690225,54.75164603177783,23,30.662944996387516,57.03427746776438
20.395711824570967,44.775542915366046,1,82.96186487822712,37.47022477348863
31.637348672818675,42.209482262627894,10,69.70948022586461,31.597759646697018
19.267360942556103,47.092443152815534,8,85.61649067150245,40.23535818593657
34.77707792220879,45.74477983308164,6,62.230426400046014,40.511481997613416
31.128161078043178,45.926162409119804,21,53.13806170464388,39.963969476484316
21.37816658608093,44.6721550209982,16,24.18015422796225,50.06129357840826
18.093875991101243,40.84186379272724,16,67.01495970822208,40.37972189547835
31.86284428373218,40.35747869466827,1,60.75461318377618,38.90746072026152
30.01657484540949,59.75444779472063,5,89.3146225511335,46.27717004063765
30.393121856696784,48.55546267471725,13,36.74111444475702,43.56094438351548
31.111595893661075,47.68653294319363,5,57.15161487007851,38.80137612612909
19.258759079479535,53.5929456538614,1,65.56701345826508,57.3978268392698
24.093917385252634,44.365077757301286,0,65.12138223196405,43.26900726671579
19.969774011927207,58.99922367900451,9,59.29054800638819,57.38663326504134
32.67275823988509,55.72690028831104,20,74.38496072290579,43.785454033899256
28.596068156068483,41.78822004624519,4,34.34868466687715,41.06311640120667
23.625266422495038,48.35161551569857,1,70.79390401920911,41.028170773122035
19.080491954862403,57.58236615124329,21,63.38142000031624,62.281165276593256
23.28669946916626,58.8946404458282,15,82.72525782562013,56.04830088977372
23.5281164744547,49.348030224997395,1,79.30361073235072,43.84716161042531
30.403305031747088,52.268227784214154,9,42.06029273927873,54.80414277163688
28.838477013038624,43.3406789218415,1,39.33661274826072,41.048699908602366
33.08261662379755,59.82337252273953,15,88.71573266967135,50.21012336162842
26.02765372775314,44.63343402766887,15,56.90856266406796,46.29921962111614
20.03310218095113,58.85463548270251,18,83.44946747401058,53.21587801365756
30.125161382790914,52.99293297984737,6,31.471671664633753,56.71066241003234
30.933345826487255,52.15473589757718,21,64.9973240360122,44.139321669774205
27.541712358681437,50.25377022033017,11,76.69021311524104,41.633442770531545
31.106442059227536,44.61339623435517,23,86.31766747105128,30.36721349607301
26.394525138194645,43.53056064011017,14,43.61380987119165,43.5111165618685
26.8864580994939,44.409724181403504,7,70.74868189468367,41.613877817694046
25.268197312095346,43.72876524288509,5,57.716910632773335,46.45349251599559
18.43212515464962,55.591689471335066,9,24.244024824652772,65.06479184837066
19.834154258886176,47.002505183334605,2,68.29998161162604,49.5567871089237
18.534296156674483,41.15685353126793,18,68.30675907664904,43.953300130503145
28.818976991484266,59.38205260281623,16,85.1424763392576,47.17749936897539
23.344051678297554,57.67571769926852,6,54.81187123182807,57.39949190288045
26.645701749799947,58.55504566390426,20,36.11756444973602,56.677917254311
33.42863005674358,59.8981564529287,19,23.11946764140754,62.881479511891754
22.237967895530872,43.477904984389745,3,49.094953068013396,49.53892710548239
24.976509691605706,47.924840378053176,13,41.13416900542513,46.08064631195286
30.844369355231827,55.164769514081826,19,73.27618142167128,49.92617986015707
21.88956881335758,53.92041236107585,21,44.79874353887326,57.838260755301015
19.30865846708948,43.0779181267971,14,86.43498374203908,39.47264251492554
22.925774699534056,56.31666249981235,23,87.36171420914489,48.78263465509974
20.740761883318076,44.488811436733215,7,63.463601315239565,42.47702670956439
33.80486008982374,44.47635229645246,20,85.0062200910418,28.525170123521104
31.73804645259509,50.73948845786827,14,73.25980411601469,39.89759149088792
28.7678638606772,51.858798696834064,21,58.28017486825883,43.47060061571197
32.8148300331912,51.60172415675622,19,32.62155547959447,51.984169100061926
31.66242530728495,41.829736747955096,13,52.1018560459688,34.13668524389795
21.17169100106261,57.549217252607605,8,59.26121243538323,61.34132320529682
33.17350297432962,45.31200085177412,7,80.47731065145072,35.36121744129082
27.168818112566065,42.59029842565609,16,53.69333635749654,42.76412118846083
31.72648263778906,57.774961597379544,1,82.83722708745697,46.95284577939859
33.233552098699384,59.11302996459507,23,67.20442853164283,52.161166298927306
23.406059074521686,57.24255234530901,2,29.589934413756996,66.54812769496307
19.870882716970506,56.19032149449756,7,89.6486958527565,46.65248136169771
21.87489776321301,53.10483961278044,11,56.90628625277388,50.825511199856116
25.260832406646358,51.01714741218279,0,47.43008074863552,54.200598328237945
31.906251020682383,41.7397351982282,9,66.13796351286686,31.046389054140292
32.632419915357836,48.16906426141397,19,27.622531978672736,44.58495894704162
18.118186219030243,47.45377034024628,2,64.55770527273481,46.59855016372459
26.68270414381862,45.195075675206525,5,54.87652003494911,39.30009918103172
25.095987053529242,54.4684022737717,6,48.467184899900815,55.577756189088944
21.775832778002414,49.91751470157541,19,86.71140148252294,41.45007052423561
20.037711244672607,41.62092431815296,22,56.577780171243724,46.74349229356164
23.739457913861674,44.403664038996226,17,35.33822356289569,50.80129117793882
34.029464966512826,53.66517527319192,10,52.1274435564109,50.72200613964809
23.49444984435284,41.522617189806006,18,84.35711832008708,36.57340887745718
26.819440569637223,57.02413828097538,4,32.32668299314163,63.283738700943076
29.951322301218024,49.902930540279485,18,34.97699270817658,47.66249146346272
24.181703240447998,49.61173154653296,10,20.91206974299586,59.569554405352065
34.52029540625633,51.84815569319035,23,20.993303457703703,55.784270282761966
34.361604014015896,56.49361931850298,11,78.05741388709588,48.68294279795271
22.28029902903119,46.95618415804386,9,71.2485824790069,44.678874928476134
26.45322460017055,53.56032305118127,7,44.85287395163708,51.32557757047457
23.114931266885083,51.31463927991582,23,68.8817810059301,47.716296605206225
22.842288404416948,45.340565403388425,8,47.66441484169792,49.82224477822838
18.627078105027056,57.57259972710316,3,86.70277571984792,48.73629037419329
28.362593677658246,55.948520432138565,4,87.69368769982243,49.548993745982536
26.545543394890643,53.16903669316851,20,47.49556430665403,50.297859539268046
18.87513877124982,57.011634581884834,7,79.79553344386076,50.5580505147038
22.736989892022393,57.34588401919605,22,74.11623291882263,49.81115567122335
33.44052006143311,54.1672595343007,8,41.699995602025254,46.879500502687236
22.07255214133853,56.74026656727344,14,36.242788023077416,61.19129774420321
20.46321282555079,53.94942923338567,14,52.07642552749837,52.985136442047896
26.320696924718572,53.60281543520601,15,74.69441884300844,52.897900862041354
34.75605771988021,52.372227564303685,13,87.21174493101218,40.79621727688321
22.114939615695505,55.054332791152824,7,73.45053482066008,48.18560871273316
29.426304305899933,43.17210210586148,17,79.86448895128589,36.87367757076798
30.947533460588197,57.617415183978565,9,62.21450143193616,56.17818383239449
22.039838247870794,57.436870554904644,19,78.47854815894881,55.67303675287563
30.379677926401612,40.58494566069118,5,74.90946006023924,28.677613295837002
24.252313256227303,56.516335011295254,11,46.388987934839605,61.57122260814028
28.74919912009085,42.5773973494689,1,58.63932114845048,41.91422741833303
28.77000508293521,46.70237708518284,6,76.33271853927863,36.13386983691565
27.108169629270893,54.87016512583216,15,23.223971393296946,54.68914491986549
19.53492609092494,43.21519792096616,2,76.5655497649081,41.207730675665154
32.20014242501705,56.35934048238124,12,32.45216868343164,52.82919364658616
23.45326110451951,56.64268355915484,2,56.02785319850073,59.556391893147655
21.170814676797523,50.14935467521673,17,76.57928076891562,45.33143774975158
18.693177406430987,40.127717434336674,10,37.76747547096864,49.856558084293205
28.04518003420011,45.74076266349826,7,37.20652075143071,47.43375021752212
29.5185941513188,52.33853836751484,5,48.19350789235763,47.267263555780595
18.281993091773554,59.62372356054847,0,82.62499583043441,52.8537165221728
26.705581991087776,52.63627054033337,0,20.030994700604552,58.54200498024611
21.850428178364943,45.196071621283195,22,83.09681676493545,42.77033029773806
28.967937436960646,52.68011406199223,7,30.766491724912544,57.35790347595122
20.964229293084855,50.79970759431711,4,89.30604632472374,42.71395772724275
29.74594154774192,55.596907903022874,15,86.83928951269277,42.89854681573504
24.574500887109135,42.13961277653917,10,54.62726327138983,36.59447272363045
33.92440980852449,55.22055805004056,4,55.89041734688397,51.37226118841321
20.337856050481886,50.825331573522206,3,53.7084538193098,48.18039536875469
23.798127967854395,59.25984007717989,5,64.48105519616658,56.17217707167863
19.929049861090014,46.83744332077372,13,26.350519156445174,55.119636199122645
33.71979151073557,52.652437862678966,21,22.283256383909656,58.206980279726025
32.91476900747668,58.64056211020035,18,24.03920498911292,57.99335797819712
22.385007671157645,42.05019455981358,8,51.105574446906004,40.63429745931876
29.219728782581043,58.74456974472902,11,39.28835574536384,60.31863574722672
31.89277740342067,53.757714446016266,10,63.54276936596956,48.79516219164783
27.43841379719086,41.35674118210344,13,89.47096025623453,30.564440065342346
27.00405983205211,46.01927133893633,22,47.042622115352614,49.88973535493761
22.111488945307677,54.16344177290563,15,60.16888778731594,57.02254301768493
19.582747052700288,41.347012029375435,0,49.09227271351348,41.47700941897341
33.252667885206556,51.643409203525465,12,79.30901674053015,39.04669736716139
33.30710697177662,46.917661139059135,22,83.15654824235666,36.2558014735703
28.762724773645555,52.41831035534954,20,81.4148928543682,46.98969041496032
23.76350644782791,40.91484067625026,20,88.20605670754803,29.33227990471134
23.936562768415236,57.430736123047524,12,21.92634295982907,65.51053768422116
30.341246540794067,59.46977938354794,1,78.78713135018717,52.524088816934444
33.250874419193806,59.377557105713834,3,72.62405211273654,48.04211043269951
33.080469212507,54.9930366348585,5,36.00860865802554,55.564610429413385
31.257884279579606,42.60172480261264,22,86.94240653712693,36.48613326791827
28.914537984622893,55.16526391858045,4,30.372454976096183,52.601362380767455
19.43037940491583,40.49173832917603,2,67.56849489937359,37.959370199764024
20.747688139608435,40.442471030579945,0,35.74231517711387,44.8019310920165
33.275421204960345,46.472204382990824,3,50.19664541418523,46.28776828692051
28.30929401421303,49.77286380809332,19,70.34119278611982,48.672592709854406
18.156349877482704,55.40814835615586,1,59.432724942313264,56.384580893915185
19.725016228722545,53.665907532130106,4,49.92512819296782,58.81865790059719
29.27953007483695,48.918054127534965,2,42.84369016523911,48.526161294713496
18.086046925385716,45.47253332563332,8,78.77617589961532,43.55210403043117
20.733736874097477,59.94249000315422,19,30.06700452203696,63.843215812361656
27.328474419231966,48.52362604471946,5,50.107201357086005,44.50751102232507
29.762218360775783,49.02774048659351,17,83.26303002425995,37.874078760594045
29.08334141154421,43.27247642383338,5,79.20946853219775,35.95219208419252
21.81257826082952,55.89619097499859,18,48.065923373113264,53.168269030182074
30.107046762908112,53.87364451562977,11,73.41758545209157,50.70909348732146
22.0332344874456,44.41539225577521,10,77.62125814962015,36.93736047762614
23.53179486870755,41.64762091231685,1,82.22211968025408,33.138186310626125
30.69035388700641,53.60998604149426,14,58.11540383344596,49.32449009577833
29.04375928380265,53.0902242856227,11,34.312262023829824,56.307039902328206
32.436797978401025,45.46519053996418,11,37.87163535527522,40.1297550271526
29.179419169105838,59.0172712450082,8,40.69862718291229,56.964783199344446
27.661246256703016,43.021157835618006,20,61.56617365667309,44.064046031675446
19.59247105307757,48.64669602085204,23,22.296673689002592,54.5145554243222
24.25116865201037,58.872318403351976,1,64.52297281459778,54.4726409650587
22.50844025058933,48.394546338522446,21,45.50479668997624,53.90435178141287
22.14782393744442,52.77051895328171,2,40.66692617427495,51.565366066609066
34.54117943079157,47.951887959255885,11,81.56475995096885,36.51447794175604
24.682661319334926,45.4843040469734,15,52.200167690655924,43.999107493691454
33.16479143801092,59.67955295919656,20,26.653713187288496,58.432282201819916
28.72935664195347,48.18668012630086,23,77.87227376183729,38.60454299340431
31.511792160208024,57.881984073582686,0,23.33488802055546,55.872851437971676
26.544830582788265,44.599092117821726,20,70.87244569177376,37.800445981589334
27.807366038648105,44.26209408050167,2,74.17343552394655,33.454247983544995
26.372800794920686,40.62268165769023,19,44.68218241502007,43.80948341367023
21.319130792566757,53.0333365075177,1,77.73514993944508,48.30901906292542
30.28168595944559,47.370526874475225,8,56.09615840995174,42.94949053596119
22.77313016149455,57.28716499679274,18,52.43055572909578,61.85043463472762
18.413371429334717,49.46419813383115,14,23.17822970280848,59.7024163172143
28.973029030421852,59.363868558294435,17,40.30204355542341,54.397536365420024
21.01088154991983,43.710510314062425,10,85.17069796197099,43.10267817632116
33.98779593399954,57.37246335911222,22,47.427677429845005,50.76447456592055
34.216785809043984,55.53193705583483,15,58.269036438973785,45.34587871111667
33.55269463374762,55.41843689288104,21,57.241517528897624,52.37506785403652
24.292697904342553,56.89566456233776,16,61.330176287588536,54.98805351131596
18.262762480990745,55.22047981885998,4,24.293166895029785,63.068170859538824
33.78141556399133,52.52440643262831,11,45.35233783591098,46.55826188027786
25.279130521394343,42.62489755364775,10,70.61897917177879,38.836251357217996
34.43313192374238,40.65052358982504,14,34.03921757510881,36.869960164957966
34.381539610517294,58.41695695631374,2,34.25048642824523,60.89191991827672
32.50116074294512,52.33300629041476,0,20.706342468231732,51.59320222262778
23.005631165182955,55.93074581952352,19,50.62373486257468,60.64673476897465
24.546661386232728,49.630447030251005,15,81.79140664713954,44.0928892649803
32.46932341578657,42.34616377924789,1,23.63306605111163,47.16977020008469
23.38767408765672,42.50371584405101,1,33.378309664720184,48.762676825888164
20.881376693663572,53.71130574457943,2,41.70591768399285,59.396384975316565
27.465621461791955,48.60611789798925,7,71.22073155949491,41.37261893214485
33.91463116073328,44.01049453400673,23,64.84449149618106,33.92324996912591
29.83250654347454,49.831890934828735,14,49.11607332072985,44.70128527575338
27.691039891519203,41.28417874150268,6,73.1348257480863,38.883610216721706
19.652000394103066,51.639428038287974,5,62.67417081598313,54.98286188063001
28.455122853885886,45.379868088701954,8,82.72285597600533,36.51347074668102
34.830915451772476,55.951182012743764,19,77.26187243970851,41.907395933880366
20.381428259020907,46.207239178471475,0,37.69695242624404,49.79965708348679
26.811604090183522,49.10440298163603,7,39.00070043439402,51.591895391034576
32.915342222775244,40.232410798162014,22,28.774953305466994,40.063780570480525
30.593066501821475,41.44893775589118,22,43.587530800221955,42.736791029765996
29.849267596919553,47.8498711281337,2,89.9680743103366,42.407850690120455
29.94222942778086,49.59877669434247,3,48.40258180305427,44.35846650433015
24.11134957073584,52.00041096238607,14,35.43419042823745,54.95440628796638
22.991061352496388,45.833251574186065,5,73.3738019132887,41.47279953448835
31.75913964313473,53.899637722530855,14,57.97297024238593,46.970399179975814
31.771927709546073,57.202447943784094,20,30.472101466886677,54.703018962836616
32.74022941586176,55.597019777867,2,46.6482776812606,48.05417069858059
33.525089393460014,40.792376506967145,20,49.01288008775403,40.59844896492332
26.69282078063594,49.61013894515658,20,72.7680790398453,43.40859972373272
26.525777009682393,42.0986035683635,13,21.446995822433312,47.01527108403614
31.571018042435178,44.84090031725055,19,38.83137527588173,47.95853672286577
29.049386823222008,59.73325186534293,13,56.231741092086544,59.22511501047409
29.93343691338096,42.84991085803026,3,38.81927197169904,38.92435064817182
31.528475380413717,49.97776306902712,11,63.99038331932992,44.569648391031706
33.13009081089863,52.36311468636238,16,53.730723549223164,46.97444733626402
23.74591766647611,54.04929941088208,6,45.31971784017064,58.58450773539752
24.384910194879048,51.19297366973828,8,86.44460388093586,46.45392327223108
19.597692977294773,40.195416948383674,2,64.25116494305202,41.95039469023661
27.830762396934958,46.52922616487984,12,29.095896058755883,47.70011410946015
18.611018654544615,50.35423286769423,14,59.20641882103769,54.75707708020693
25.915166308251823,41.757329982896664,17,74.65122972406307,31.89341383990675
27.2249587900288,47.01253862418361,18,69.59427882449582,38.577452478591724
22.871201286180835,40.66406217582733,0,32.04624605066816,43.6754450523824
28.044165429673182,41.571569943100414,5,88.06939993280723,28.20368165239519
18.51850424896384,47.93846552403192,22,51.416955202262415,48.24576513444443
18.634919208736644,42.65431508086121,1,31.13175026181829,52.91201525410841
31.98420953121419,51.35081696523116,23,32.61370278897036,55.81848701973078
24.12324090399147,53.78929938274531,13,26.876449453235637,56.898412597844356
20.160028715082042,56.01173398218165,5,76.2462675904454,50.82762414643994
26.878135420931674,44.0030048848962,13,28.542134602529405,45.154436776388756
31.089890402676385,43.349651645181396,3,28.758767999922284,42.330143717367186
21.668957467446333,42.091356806688005,20,79.53301303325864,33.20957728817284
28.589138088923004,52.72860499087273,7,44.12228591132917,56.37874222745648
19.450906904894055,54.129514529738024,2,22.16005330156507,59.60903183268127
18.87858925986633,40.63172289651284,18,23.63267096628876,48.16593481413598
27.033028736658515,58.7242449248738,13,29.95193126927269,56.81421313009969
27.19079706737181,41.03942567302945,19,34.937534358298265,46.536071176834454
28.83630832546951,50.825926706021406,16,66.56023359668838,47.90729926849815
30.343552673285245,54.18121038901833,7,31.012839600127975,59.774426484087144
34.589485350863086,57.41938247492171,23,28.321207382395038,59.77655311497515
26.77710592112032,54.281738642648556,13,73.53033990333955,46.824182821941136
23.490260040001182,56.03456166139584,5,66.97386987019401,50.873391254640694
31.51816531106796,46.78900385085612,22,50.47269550186653,45.41254517048176
22.604148271455262,56.29650227493025,21,58.45168400360728,54.44521908858616
25.462514151995812,41.6022969276935,15,41.8388814228493,43.665413724651906
19.33375848281852,57.89633312121055,18,53.77502941647525,55.03702270677094
18.430962638062777,50.951847523074726,13,55.4670854287922,48.76180613508965
34.36502304952472,56.345955399249874,18,47.10660898246671,52.59580148981068
32.211662048707495,49.046365690366,2,83.4600547470514,39.409240181083625
29.831561503592866,52.8715539039305,9,21.12433054867043,58.74543648699341
24.95220005504259,50.52805321872226,18,74.75198841638723,41.921208704163135
20.94600344120438,54.63179043510664,8,28.706798186892705,61.04925991469369
20.65942972540846,41.632599640611794,19,75.82831523760396,35.581698174703654
22.25412926879812,41.207041679811276,12,63.113834097370486,35.88917142156507
27.336853300004048,44.94206468020293,6,79.02946636554816,37.07270269769682
30.14813068590106,43.19089360226377,13,26.826002794862823,41.88499418123125
29.22335540420143,57.435671331844034,8,59.128644386984185,50.71608453426967
22.75887624808103,44.38427974716089,22,55.0761516183538,42.66515709814464
34.2327097712743,59.51730511638263,18,69.43352280743511,48.60812967669042
30.544247583828067,46.737915835422136,14,57.40033863255731,38.3616372910561
27.424018892693812,43.64235831377398,19,57.85141969931729,36.759227376160645
28.39925268598399,55.79397014284958,13,50.071716050324525,51.01249474213436
25.13320106127243,53.17415551001752,23,41.618409680513864,50.28946492287392
22.211426821519677,49.96391432906278,5,53.758505287653456,51.87107005754152
24.051535537071448,51.10727101875263,20,28.294465113788043,53.79587739254831
30.883383877894275,54.384035565445274,3,87.30593372881593,41.77861655842566
18.24468930670585,44.56909482662597,7,70.00875345386189,42.26498242487832
19.973234888617576,59.92667832113484,16,86.67269816814928,56.73348398529341
18.7820449143698,59.49586324293566,8,35.870916763097426,69.13699624796618
18.692389639422494,53.006513726938735,0,81.55387141235695,52.440413950312475
32.542829928187125,43.9908490185829,23,76.6152989194477,37.17166657285074
29.962183609460403,53.60456484862583,19,67.40066887203716,47.487251125496684
26.060955094484527,41.443968179583514,13,63.752043025964404,40.10113759682249
19.663180731067026,40.61305004411612,10,42.1584765687509,45.37738804516825
26.35746987698615,45.15365777022427,20,77.14875494755215,36.207677124086054
26.04902010326962,49.25245913478633,2,55.10608230358137,44.79261629984575
20.944431788470258,57.36545010816761,8,24.962410312389977,62.36467222020732
25.375478037045543,54.543381395326165,13,41.9004212598591,60.0835848345297
24.774580484755347,54.85413042399962,8,85.47079689817294,48.346829205784616
28.46945166688768,48.50986668896151,3,79.54761824233924,43.20467097706852
28.796592064749944,46.91869985093926,3,88.73339886535774,35.73931164365822
18.77016816612476,47.42077525969205,7,63.95953678228687,46.82094152682455
24.36841444865001,59.752991274721154,1,37.32570511982884,58.85929881280289
28.63961856714202,40.80218382824965,8,31.397053477380464,39.41591342741925
26.553316395861494,57.34062992244897,13,33.08401084259231,63.22073510426122
32.56032730020148,51.57350817144787,21,21.385696084307806,54.36459162137439
29.197791737522067,48.77230838379181,8,47.34774776901574,45.57918762006582
20.769885260384306,54.50515320830273,23,33.399937634967976,62.96873514107244
19.19966870580731,49.733378828494054,22,48.81588223196917,50.33556708557639
28.921127729507365,57.468464761633214,15,85.44961022871358,53.17830583713885
18.45069227920757,58.01403728022517,16,50.1378146655033,59.709304284982416
27.958184881648876,48.43441853746911,15,81.45891478893844,39.03665268036926
33.98391410422428,45.536555944701036,11,62.38533366311135,36.686651215333676
27.783061023889942,51.84700657186724,2,37.29920882629743,49.21674945390566
24.598888745510873,58.24726691233382,10,44.9098331481448,55.57722738326955
28.935899713520005,44.21324378011333,13,25.87436750750006,48.55147076719455
25.790299138355785,52.45933167126965,17,43.342381551720734,57.14688623732809
27.27548541837089,52.63120440185041,20,67.42786618524738,50.91309355833222
34.004901749200926,54.66226044830562,20,25.04777650506046,51.56133021290657
24.56374484261316,42.6313537025452,4,34.378098593462056,46.42968278046687
34.34023958500654,54.31649929364177,15,46.700872898931806,46.36212038111853
33.39096091325308,58.18065041331282,19,88.74346759111738,41.689422874593575
21.32844929141804,43.59366217740484,4,74.94032760712162,42.00523060411916
19.179142114877813,44.75086649847755,2,71.34407225444727,43.7440043269527
19.713226023416254,59.42790188083279,11,28.133366956781217,62.264852329883134
18.309771036076345,43.619539054189794,0,74.66971255304941,37.38010348960162
19.605530332850783,57.08770186739159,20,74.96881680612105,59.68873747383533
29.611115148078067,49.84555712896069,8,62.07718869370298,40.42477513767178
19.21020702382389,44.94462148806354,8,89.32532473988603,39.419735558675974
23.422585714993943,57.41499802545023,3,42.76777341471863,59.69634073108649
32.36288028648073,48.90610510005331,2,85.88907137692962,34.21965215943147
18.39562290750904,50.296347078593804,16,84.03117804695525,43.482917799845396
31.845964204011906,47.18466738799531,1,20.80364618245645,48.11900611360159
22.7915311711478,51.859017028698545,23,51.50815685323677,55.27837883461392
20.008802069568155,43.27047745170046,0,88.39729631361013,38.157441394797026
29.844531811190564,47.821630733035214,7,27.218495368565307,51.33468449925648
28.692028395258028,59.38824644670575,12,58.34492860683236,60.724992078617014
32.9170242299599,45.16266865402255,22,88.52702549287729,36.17880579359924
30.49620774466606,53.13473329082584,14,58.88467968741021,47.95330846242294
31.659175816542426,46.503801284493896,7,33.28707120805092,45.98121835257798
22.79458773371221,55.46946251373201,11,60.75282610648129,55.60932419598971
21.016472244255286,42.617473214366996,21,34.310840176468275,49.40072114113474
30.76045077789459,59.39642090157089,11,56.3792984026139,55.24744509046753
31.71619056754349,49.07579082767278,13,25.18295525386436,52.129716721277966
34.83858741401144,44.72100926692928,14,62.38378684500832,32.560283135062875
25.01450050749425,41.469934946600254,14,56.17529573897107,39.52385418402736
24.324307458477314,43.395158101750816,8,71.81129581330242,37.16012597058644
31.199020332613948,50.395478971120355,18,64.14903298111494,40.757906661021494
23.793660184301302,46.740063528625726,19,58.47243879715297,41.64421080513223
33.8228745352606,56.577667317652185,21,68.28451944736848,49.54124781669486
32.5930167813312,48.617750473236114,7,30.07593395005616,49.0420607640854
25.292898465375313,44.9742854517526,20,61.675176288102286,40.028642131408176
30.764808152455455,52.3428997320806,18,32.04774219759444,52.76044780405913
30.8272288594396,54.135544337708914,5,84.78655454963166,44.18694214988686
19.753105770210855,43.340838158019,19,24.783387339192295,47.95769760946127
33.34339941355263,43.35238432576635,18,50.12623247835553,40.67636874213544
26.589290331613572,40.73342853867086,3,68.70582343588114,39.006812249548744
32.04977692383161,54.72804030131281,22,52.06155481677811,53.70547628493658
23.4408432175204,53.2760905524361,6,26.446667726303165,59.79103370544982
33.22389488443541,49.492617514996276,3,58.736531128869515,43.74974967219481
24.616428538480772,56.883408979383944,21,64.91423361791482,49.70241941661454
18.18424007516507,56.113403059001065,11,69.26546176933553,53.546503656067486
33.391493599127486,51.70708728793504,12,46.12818701239313,44.21841755367437
19.55187350536427,57.36542561026518,2,59.456197972013356,62.83648087196511
23.428331839037053,44.116824200735365,21,51.54805324572392,40.94384909432966
34.15105343986369,42.238392387954555,11,67.04392271265775,30.77183522400218
34.160321497938455,45.394992230339795,1,60.8489877127373,42.54080012212803
27.748444098095863,41.1417371217863,23,56.80293536913944,42.84621083367506
28.741232606886587,50.62339056002064,1,37.4667056786774,53.917723513190964
25.623573873631436,58.73211384589923,22,20.141296242376374,59.44611689733493
22.984583118867096,40.78687081337019,8,32.185717271800044,40.37089850914227
23.58729727128857,42.442198280200536,0,28.194622899691808,46.2906327624924
29.432813753309652,49.043980565668704,7,51.43593215076628,42.97434095896954
30.79036700044056,58.6775003505581,22,62.85807055332913,48.39456416118796
31.456843743339427,46.32312209953501,5,34.91595060793657,45.75217700032304
31.423508427507414,50.14469617376785,5,85.73399671770309,44.216761590543236
19.550503751827737,40.83145718100784,21,20.467749045672143,47.70085124498386
26.405145179943887,42.966864019241775,17,74.06107106157401,39.06348400124199
18.978498920282952,59.73260245917694,16,63.76433386713096,61.51283975693368
27.341990999503505,59.30237392872091,11,46.14883607333773,56.41241225095329
25.506018523347407,40.09879961868819,5,23.534226108868555,46.643197623479416
33.0909711068911,59.03623570846478,7,63.92406002489955,49.32927789290823
23.965555213385336,52.78239875631001,18,46.99294590059536,50.12110610526715
19.9901392792693,57.35836589040044,9,85.53869975892535,54.769389154577624
20.43085859489821,49.094797112677185,0,57.939305242283616,45.925914937810525
30.94568073919703,50.311920571585006,12,85.77560579054557,45.15305122977093
28.509707076376436,49.7769316051384,16,35.43385854313129,47.769830369826224
19.719085494087434,53.337285150922085,2,70.80081372548723,52.758998286345495
19.429815703954958,42.79302509512626,7,63.2074314594108,42.05037666539252
29.91647523480504,40.59947179745356,13,71.75857608819183,30.053383186469343
19.23697110819129,46.15859883182382,2,35.026750478077574,47.313202257886786
31.971621007936058,54.09361525473294,15,66.54961613664416,48.525204346364404
30.006117861660435,44.03706904245897,12,54.862827513980825,43.62902024672385
19.382929270912296,53.468648666498346,19,71.99774824344215,55.29779099742121
19.442241139448264,59.398240922145405,23,42.893125090627244,63.425630065065164
34.77287283451999,41.87801431578837,16,82.30399178256768,33.3053342138387
24.362603527854045,53.452042364502525,12,25.901092022794526,60.31899353090204
24.300916500137145,48.87500438609142,5,76.50325231538316,46.166440947937545
31.817592643377544,57.362845087550106,16,80.29237380705635,47.82156405666821
34.1032258155256,43.54299578894772,13,77.20766179567748,34.883967924470696
34.76201808498881,53.85251904452329,16,55.89084759832432,50.848599618124595
30.807429149402008,56.76230579296221,7,50.686948602153294,52.70004325340077
24.396412954025568,58.892284389480466,10,89.73836005674137,54.306194909795245
19.41951218387737,53.66496056579292,19,36.04203658499135,60.16696558474659
31.211497570766426,49.94349528016855,0,58.28131761132312,41.84049321622857
27.492872245508686,52.35694480402428,6,66.94728677676278,42.967892898163235
25.211774157198597,57.37809968957436,20,69.06073451030024,52.08760171290653
33.40802454661051,51.41219493277659,20,34.28172660170051,50.818800622094635
19.890357199204573,40.60774119393674,16,65.77958646378607,43.40484882361212
26.374626772944605,58.61897391013956,9,77.28586965369361,48.749343394331
18.193011961046125,53.790535020631225,10,23.501300377477854,65.49583244144839
25.967230913900146,53.53026771554493,21,83.80649053277216,49.9154446127127
18.957155686591236,44.31350304795434,8,22.065283860164413,49.42874330263418
20.019904576557224,53.17770940465314,8,44.917972274187605,60.2001058545792
19.997946195210783,47.87728811308317,23,21.106923736307344,61.071465946644224
29.03657513597308,53.024659540829845,4,25.40016179777073,58.19472792377154
30.682762947512195,42.13186060615981,16,83.78177996260553,35.38181995813249
27.917269006651715,53.15690609206072,8,44.84025815223035,57.67437263387753
34.356933324067214,59.98827451541333,16,49.73400712975371,56.41781893268844
24.37279985190297,40.96424077721112,23,35.074106696778685,42.341883332066395
22.857105466791634,59.54348368442635,20,61.79670391307038,61.63089850917701
32.76618517922083,48.13815921445741,18,61.63622502744527,43.07267939447426
21.801129254830695,57.415069006745185,6,46.05402742776535,60.61565313098633
34.37478317049039,55.647709681165466,22,43.31244102637788,49.834185445785074
18.206626069726877,51.34032521973336,8,81.94750157264114,50.910854566170556
34.48794005402986,54.76898418502653,6,46.82989677495409,46.475707561621746
18.733718503159793,57.57031122602696,12,54.545069450808576,64.03730879223195
33.14943293286721,48.08280643302066,10,39.831333369745145,44.30005790034288
26.970918854467097,46.54066323126477,13,75.07386523499892,36.818177284931345
34.88040153402811,53.351867711271694,18,47.821370982936415,48.271058078694544
19.25454160050178,56.15691883882517,10,55.95277325810272,53.26379247951907
27.415522834822454,55.245702695532316,12,37.7350019041763,58.33720283993549
34.47814310552468,55.95627297717269,13,89.13617146388762,47.41702223608638
26.89266335089253,48.711666296258656,12,40.4047018646606,53.05702431926536
28.699776848299464,56.35668432350043,0,73.95197716338862,45.99009520115178
29.827727712738493,42.40418110741217,7,49.924695524973146,36.26808951712561
25.727198101052146,50.88978195921699,11,34.43521835588979,56.77348406075561
28.66848736142908,40.11517320996243,18,75.98031347754028,37.327409579771
27.933343302692705,46.491716598005404,11,43.35247523203302,45.961248198587334
33.319686178346814,47.32923069742796,7,80.56353431784677,37.04639191382285
18.772588465804784,47.92345383218511,7,84.06800294424761,42.40617942429045
22.776374223067915,53.90934413379725,20,80.18766847738931,52.92627450934957
34.1569952293015,47.771162025406916,12,22.450554036476397,50.15158265638444
33.134484326145575,48.973872452450614,11,75.1161341503574,37.76591923098003
25.74616479735712,44.75088261748655,15,48.79376265494007,42.606876398362495
28.542254162626122,47.4650358325868,0,81.16060441275576,43.37378859935861
22.715480110679255,44.54539254526303,12,64.65679838793172,37.89263305139527
21.19805971530394,41.46391847536887,6,78.35501939007709,35.921150466967866
25.882872883979697,52.06897186762756,4,54.96022389067848,51.17905745966571
24.0069878764429,53.36425597110033,7,57.4517853219253,48.852579589487064
27.922153901464824,52.38980692019229,13,30.107134249356704,50.82829066158444
19.321488828404743,49.26988087601145,22,74.87911510825488,50.2860767510637
34.56471173032483,47.595715603584594,12,49.35727281668801,46.88594906156965
34.76558265615325,57.26667299143651,14,55.00560827901078,54.61882421553962
29.868749138335666,50.38163570272436,22,74.95683998669953,46.94377203359009
27.113638227850046,49.583637552594624,16,61.91917800556073,46.67410254814117
23.26196947686757,40.512841316128714,14,34.07691092098672,47.689055603401
31.834515335018125,46.824956552523126,19,61.31628614056249,39.984868040812565
29.64042993341595,47.603912375717144,17,48.5343000585759,47.23951601208438
20.76448796886315,47.97645561793801,17,52.866787943070385,54.409209358784
33.48576213639532,51.60344738454665,1,21.981789208186743,50.221485713102915
31.983133129693872,50.672050934537566,3,34.702054466139714,49.1390709393735
34.14659852596271,52.15810185586889,0,39.67266569667198,49.45074322665399
30.33723164260212,55.29766523084257,3,69.9072005501164,45.02776416971875
28.428058330908428,56.25971477432187,17,20.80447313086807,56.19517708734461
25.11013161694052,54.36246152452989,4,48.61440828603924,57.881742722068026
33.856384217018224,59.110473919098695,18,84.6818809298013,52.51384935290519
32.72308612150694,40.36465165352723,14,27.83164315843867,39.98403059938262
18.768717391805218,43.91555971367092,7,56.14970717530277,41.67775794465429
18.448238566453284,40.151257499562846,19,75.0565667673593,34.0739424697701
24.399877236926844,52.94949428309206,16,85.97719152640818,49.96729942294999
31.77940662329116,57.96061097899974,0,72.27436476736025,49.75417721115892
34.783694198354056,44.86964593152599,11,70.43958840510842,34.09015431695119
20.55708714875998,58.54069089592613,18,77.85416631370336,54.95592677119947
28.1002221609863,41.20534780579122,14,51.234085468428056,37.59146057853593
24.475144562727365,58.68872053611028,8,76.40911728324832,53.55968255117314
34.48854476284825,47.03245374479269,6,20.55750833218158,51.77224366611161
32.31602169330705,42.02841656898433,1,84.71927387637635,32.349564657676495
32.25158798008934,49.717435183726515,8,51.03145566620228,47.83188778854314
25.967783716514496,45.13553135441016,9,58.73661315060233,41.55102362837581
25.05193153974031,45.697458039238455,1,37.84175742404176,50.488199569665134
22.647920222822005,46.14579929852573,18,71.9771582988295,44.592578376142555
18.95838344306576,56.06051795665327,10,25.364506453267417,60.204044921987474
32.700280396335906,50.78322553350509,12,81.08450617827847,41.44261263083729
31.81931715521132,46.22615398312007,9,77.968178030444,34.790294762523196
34.99520044586422,52.206675666218366,13,35.12420813713365,53.225190512195454
34.94282623025639,54.32301348446387,17,76.65270787996837,43.280435878011396
27.44233899524467,45.45248001467068,18,75.0450413143037,44.16914390615248
31.07278605806868,48.27098203050703,21,64.25516184277643,38.30856101230704
34.06101740800128,42.437721866738954,8,46.14641238297813,41.481409313544276
32.44400564151599,43.622986990693605,6,39.00491279273075,43.83701894681102
22.20491772963436,53.622357079299654,2,36.2248513202545,60.44991625633863
25.65925030027159,43.62876695391254,19,42.302627393452504,42.913914279990806
20.195710057575415,50.5032676733412,5,83.24909104027712,46.17613933032208
34.21886746339828,54.18092523444865,20,25.43485431921469,57.44960583614366
28.30496878566496,42.13753846189488,1,78.0209893377071,32.206269517729524
21.886927693558867,51.34624439257807,5,44.42230525292765,51.27865146309963
29.418911634899565,45.13125567402727,2,56.511957720795074,42.12991784536779
28.50818008778423,59.2585375047516,15,75.61399435539434,52.617284385079174
24.08876620655829,49.670912934398494,7,81.906358291608,41.56788287692707
19.930479067393694,56.119850995503164,1,44.134699405085286,57.808428086037495
29.416744325077595,51.00453084312524,16,52.32904368925772,46.10880157480055
26.845230915364485,40.86825065709638,8,49.01612453717546,42.85753091196392
31.129412659505867,52.66302751188044,11,20.927572345273738,56.93181536869737
26.84277951890389,59.028066844133136,2,40.71600222010596,63.287648474762534
32.48708550541518,52.03223640292663,10,52.143246361279324,52.61477466110339
27.382416259166256,56.3837771885358,0,48.776552621630785,55.17890149734639
27.535945516101567,57.68412926696816,22,70.53504592609755,47.976086137752354
32.903111245191866,44.56159543897865,12,46.93625320547723,36.703712279407625
24.85920872561075,44.240896798164535,14,54.25635142794692,41.41667254248596
20.278258883660893,52.21961977701984,4,50.072601449265434,58.89141593886081
18.48930549732676,48.220569396134096,20,71.84383042260593,47.33928111265828
30.837333346451523,56.797226057334406,16,80.40806792908738,45.51481095909245
28.5452623730089,58.00046246796022,22,57.23223553052599,53.77305212046077
29.969356057686802,47.06842758605436,23,75.26025359366338,40.51764991252499
21.620390745651484,44.73741117948964,5,40.77506774138954,49.80169883976441
20.318315084975087,55.61051030487724,20,57.895872711008806,52.911373318016985
18.247259316353993,45.49612071096272,21,44.16609675689807,54.809588466857875
23.959988499712146,56.45228637027357,10,48.99406479002812,57.62120143223976
28.02860067652876,48.47476507297526,17,71.2689705368868,39.06355380525632
24.66814876669545,53.35099798582941,3,81.71637376328988,51.110001383285045
25.437073674403393,41.91070627669336,2,28.50467737614358,41.73761827505724
33.37069780639372,52.47718649353146,12,64.42474795411664,49.4842423312864
23.920342939396107,49.03535357474458,22,60.75006653044589,52.39082536184718
26.737821315716783,51.73216926350948,8,28.28905274231523,57.20976604875308
31.32210121659943,43.36028415489727,20,34.832603130807634,45.93718513117592
24.741227299461592,54.73747489888364,5,41.77017463128762,54.88585468757019
28.57547390387385,57.25594155086457,11,31.6851749572251,63.54693813482196
32.66018304869467,44.33479600181551,1,37.061063776703925,43.38963138321107
34.141850602179915,41.914291110403234,2,38.732055920319524,41.92083909122492
20.500249175793645,40.47277172092673,2,43.497168312734175,48.26429062959586
33.7519896277454,52.83943000886532,11,72.45733169608113,48.72376861553148
26.36597698235215,52.141880721775614,14,60.03385426954205,52.784164942657874
22.390154601082294,50.933948254281404,8,89.03726703659811,42.461592616240935
25.80530785605044,44.63894192231951,22,49.03150788772297,49.095461582270524
34.66055377985311,47.81811991811029,7,72.77055516858475,39.7149273069025
26.374507597878782,51.88952670372346,10,81.00278949635737,49.308139769032195
23.58877737488764,49.935337177183385,15,67.52849451266293,48.8962998453505
28.767814523384338,59.755710404297744,21,48.83053182922472,56.17808639523784
22.082475519229284,42.72879505113466,3,72.75162415220271,38.337477702507634
19.28967657784729,53.902891080951875,0,34.25669964408794,60.41143063424005
20.190955272481037,48.086375362085846,23,42.92865156260927,54.805315828922296
20.176779262282132,48.5639922985123,6,58.267967856950214,47.50183460938454
20.582345789709002,54.35195531316353,1,60.27865711003038,55.30236265764488
20.360061935039973,53.84872302648739,23,21.549903283084063,60.31496133811461
28.89487066165465,59.825119874043764,4,86.15799321292062,53.80377994698338
21.09196143478546,42.5678857890825,6,68.7639089852173,40.43640421232582
23.876343816505674,42.08219298768333,3,54.69926251623237,37.47139684471287
33.2454029684022,54.48677634257482,4,85.31890640858158,39.96081879147277
26.057347884468832,51.56773834012818,23,50.736689567557995,46.502773160578485
29.348481554857464,45.48321333119612,0,88.63048991892602,35.575904030125436
20.929437810427707,41.58838737977973,0,55.859933007043956,38.51505484663936
21.268913319747405,41.71316499192861,14,28.000003899858562,44.12010724517951
18.69476647653014,57.883817493282365,19,73.5360680721494,60.73970324097118
20.871896072226797,43.837346494374856,18,67.52284075544884,46.123381028932236
22.736035763543295,46.46743124231041,9,74.10907049139107,42.29846523037421
21.009178232704695,44.53312804453976,17,86.60094201079768,44.06640373452993
19.507943073869946,47.09992611663875,2,74.35425118557127,39.976969624296146
20.050809808710213,41.38847685492187,10,62.79356215516528,42.444154082267644
25.833239056556337,50.38119581816541,14,80.01162316525887,45.12653343055417
21.507673212898474,41.352251271844295,10,67.12725075481721,39.24739507313049
24.192587637817283,56.00713015644723,16,48.56833397781462,55.6666492713186
26.558093604532566,44.67424163820866,16,81.99338349692412,37.05034949136363
29.73671208669921,50.800238292090214,5,35.533032254906104,50.474880158556196
18.66830637729868,57.60158175122916,4,70.02488924361069,59.06737548868068
31.589976781453725,53.01754738094388,7,81.70944184585298,39.73422497077926
28.67430662134543,50.65915573102671,1,71.19215637923074,41.559963350419146
19.38990354313082,46.48667506230751,15,68.80927933376998,42.33504970791235
32.85083660981521,46.66003826116396,19,72.68468058502853,35.82238969046329
33.654830809040824,53.389739103963805,23,52.55386738104511,48.80413441105021
19.038325317532685,59.88278722442335,11,81.19194775099182,52.73732248884084
22.706920018502466,53.236783796987574,5,34.240553259526386,61.2169060890961
31.705421756482043,51.1556683474005,0,28.917049120023748,49.99316295823945
30.720414736522194,54.61301020478492,3,39.985614608295805,50.381059789551735
21.136857329058415,49.30411224567436,16,57.21041777424952,51.54981312227768
21.558938496724075,41.2028468520157,12,55.739325678653664,37.15637547391613
24.298025747453494,51.2459363175582,17,77.44191303736106,47.30822648510088
26.23689074824736,59.1525056901076,4,48.319805948281214,60.85208343309268
28.51033111601503,43.50605884715319,23,53.9041098404056,38.119236634931745
24.271531872686133,53.80009781641331,23,20.935737828157695,55.396825048875044
25.863090174263515,44.01867377318113,2,48.68174655100574,42.487232965042715
30.70700594827386,50.71655368946163,10,65.34419630652394,40.780153756439276
18.623614449140163,41.93352899293439,12,21.085583143861452,47.06938363632539
22.291428053848353,49.0074187251637,3,39.661737563037065,49.97196950008076
30.12694296003739,55.12326657790492,13,34.55694515025729,53.603085314102366
33.21851624068239,46.95143048477964,21,22.938980023671178,48.55407976991842
26.698516515966325,53.29823448974436,10,53.548206294017625,53.52325382798781
27.045929249510365,55.90899921579458,9,32.720630525970954,59.26961789454705
19.821924192776194,58.54355638958906,18,72.01570777419661,53.213056111256805
25.60601023599873,44.69284163710907,17,79.3549518634344,35.239706470949095
27.054493529735396,47.986318316186164,5,58.190962786840345,49.10857149187954
22.121998561790406,43.04832026660835,14,88.7195139764799,37.3269413410583
22.577134926139475,59.84967004316751,20,51.53350000294167,64.45378090848632
24.413830772778585,58.54001935848591,9,55.93577471574409,56.36141414214654
18.341210362221346,50.799142605611195,4,89.2452427770425,47.42348894340526
23.47534581491403,56.840665887528424,4,36.20839051755342,60.59794903710684
21.59461611894126,50.41915954544084,9,85.97821577738337,43.117443228698164
23.567454987024547,52.471713760055195,4,22.998628858337927,58.287414215211285
20.03595624092727,41.78248864232033,2,51.24708231842364,44.04000282644129
33.138963772578215,55.10540840993616,22,24.900245849314604,53.06358710135091
28.091071710418827,42.5542696727047,5,71.046432003955,34.9495511404716
29.54473942545632,56.521352605050566,3,62.58862551160124,54.645355295071916
31.415911056324752,55.64056175340772,17,69.46439844273175,52.69760893124027
26.473517381793975,54.17489395485953,8,46.213627997761186,52.7933505998633
19.477644897486204,40.723207610495244,16,45.86373538219662,42.38136090740301
27.13081121091531,46.06256711890657,12,23.17234952726262,47.31466325371522
27.976299006354946,45.26225139821686,14,44.496145767074786,46.659784428130244
30.67247106113361,47.202728149430385,19,85.05018815834416,35.587452003858125
25.33821228590455,41.75285493527677,16,46.54585760263143,47.152072662790104
20.168865147524585,58.73915646062126,12,78.1957394355379,53.772424020390915
22.824190398578317,51.076044814247524,15,78.96278533249539,45.31275301628556
24.172399038776796,46.11048621316047,21,46.126880946546365,48.33225246658314
28.980593102637222,47.93963034148567,3,64.23920762773324,46.11833519653345
27.7032311793715,48.94405081009671,4,26.676012159114105,51.95241944204448
24.053644340263386,52.011886667212345,4,27.257500651399354,56.26012470469036
34.77075922948065,50.313588553929954,8,23.40603645631993,55.703379983873724
28.29817192906708,58.38783946428835,16,60.671056536257666,49.70947860390272
22.032855459511907,49.9392696581166,12,49.8249684338268,55.408501130107744
19.730302034546863,59.84316029646625,1,58.36226496649681,57.296964545290834
20.598605366133643,57.028499154901915,12,56.47512333558715,60.7934245668068
22.18128138253664,44.170210287146716,21,44.51420937635112,47.85604331907115
20.731583345412446,58.61190429287832,20,67.4231390376431,55.6799576676244
21.1716394088722,42.32732795770952,22,73.09513166414735,43.36123147565414
22.846617867795402,56.34899416982383,18,21.0239781214373,58.34996189144859
20.947351120010833,47.612465869531604,2,34.506960983821486,50.004304633511126
33.24501221864923,57.55948640890139,9,69.92651076583357,50.12060610890542
19.363973676247916,57.361133802149006,1,47.063412084368395,59.281887147648355
26.91669362269433,56.11850800235243,12,66.37387628591257,52.98916088700603
24.976746058824247,55.80060872614123,18,44.287386181419095,52.19586039453195
34.70043648744631,46.09358278196082,16,47.352860663074594,37.93738171043987
19.90466133685689,41.618385661025044,20,31.107521158277944,44.21551316312541
24.76354518377761,48.05960357530323,13,38.0761713766312,47.45543316724828
34.480997365681276,43.47049029973017,11,62.378823025531105,35.84754141978874
32.71362114019767,53.89902177804923,20,50.321417792061645,52.49921464497379
31.890225206137757,46.92199453075571,11,74.20118780612165,42.69203274575152
22.384348059763976,59.5122040171983,10,79.68094684568399,58.237565921021975
20.905088985631117,52.81944154690664,6,57.91524927517319,50.252725916813276
29.366934738715326,56.44961127268722,3,73.07871044392414,49.06190733685105
33.79939181516896,42.65049345483697,18,41.4833159236199,36.94825034011386
27.464969181236807,57.24028964545245,0,49.047985078005475,53.84292620590486
27.7174157209883,58.455143810267884,23,69.89443733517817,53.15301829785696
22.75964459222483,49.74123837637872,2,47.034839497192145,47.1355384280631
31.081379864262928,52.12505875501955,12,61.19534546112922,44.027043026594974
21.1797437254779,55.29619601805991,14,32.9760945357758,64.96488686123698
23.502547018872143,43.49677254520825,1,61.983992047934855,41.5098635527701
25.232419456479086,50.05132152926885,10,80.30595950588256,43.32778515963152
26.629376437635734,47.97326055544626,3,80.80477478763979,36.143288926613224
22.120965451056364,42.92747984324498,18,70.70410844306778,37.7001728996867
19.95222602056646,47.35068844583063,16,72.20273653532882,49.09695248830345
28.380540721507757,41.36344618770987,2,59.05492116054905,34.508475877432865
22.90671940508435,40.51623813898974,17,60.926766311607736,38.52877456947323
27.88104976418441,42.70332578309645,7,29.35554069873626,40.53500181992701
20.62416615966144,59.26230223178348,21,51.07014318949108,61.0195453307601
26.179381731531898,50.99059071790034,23,51.55433987204547,45.30024294498747
27.05402035337696,59.3164432230644,18,87.09484849674182,54.06655887768555
18.881000125981256,48.64995756660264,4,50.176080383630264,54.922779101756994
23.722272729296648,46.23632266170519,6,58.45398514319304,48.06181115144196
20.28504950796256,50.122837256804885,20,57.32759794953717,48.848433601827345
19.077374498037052,48.790233772658205,7,64.5733201931029,52.20925466723728
34.82932395062907,42.11329368523488,4,72.37629819323271,33.15335339732649
23.480015364570292,52.816526293804124,16,35.75293133196105,55.16401343379679
31.767865579528795,44.32076365019199,4,57.0107093368905,40.78798859009183
22.328891130983983,52.391759097956594,3,77.81423951212213,43.28787609064392
29.5855462778068,53.00402184796307,21,52.4180299686258,46.65725149134202
30.923873618124674,43.04049706257296,18,39.49202824615011,44.60308998598323
28.12585859033335,41.22699254221337,20,65.82963527494093,33.93975227922003
26.016795205352693,55.6152317213688,1,77.66371770593861,50.55418175079223
25.001295540503566,49.19600847538641,10,24.419820504917393,53.16242263238144
23.93076053123092,41.16327591010952,21,74.3753338385059,40.3708866647855
33.80199545221304,59.89732634339534,12,77.51535530732399,54.51741061579045
32.12052993239139,41.15561121992733,14,52.30660493120248,40.96967255119304
34.405457481330714,53.90070457717106,11,88.83139597729271,39.13789658798313
20.11305279925426,59.67357850526827,21,75.06958384951164,54.04476402619963
30.42474707846195,44.78360208431851,20,74.15637954269661,36.98430157275556
33.95178776595765,42.844987373743926,21,72.34870020884503,28.9726949573579
21.080962124816224,42.42769878844858,10,30.54256722527918,43.53679820961645
19.130436545235217,46.06550295135191,6,35.206162051710756,52.491958664622146
30.599051037931005,42.02091622021293,4,52.479309202509754,38.930022902398335
27.766042924058503,53.84322683388264,16,38.48030449716261,59.70996436277346
32.31108920489062,41.245835962601255,23,49.06686806338283,34.79533610111696
20.376130402646922,50.188442562995796,19,82.19248769460444,43.642919114356125
31.519544301618133,59.93393707705954,8,77.70288243154884,47.268994863203574
21.427664440811657,56.279405390120374,13,64.10279149359876,59.42044496753224
20.782151028716978,52.304388764620214,11,80.06842759757726,51.17774017533078
20.792518564826878,46.125072415732234,5,74.86406723120744,46.47939080164578
31.847770243933496,52.47791672583277,16,50.028945228862334,53.07588043773865
29.3083527518354,50.54082927823303,18,34.074560643496156,51.82074064087448
26.892112221075028,48.52166767780743,18,55.99407280065375,45.888728921646404
24.100118230099543,42.61420753480399,15,71.53602177699851,37.06085880101068
32.91240919382284,57.732084304809334,11,50.54937191107151,54.55815146916217
24.6715668261848,48.995692976426454,11,66.6740336848728,45.36788679425772
31.882190471016813,43.8924502364153,19,26.602919840373055,44.64642689888804
25.465293445693714,47.355187017545795,5,72.36033154599824,47.01975262281068
24.40805530022343,48.28259505057854,22,76.88995339251434,48.04089186475525
25.86555635638331,56.550757911337485,3,69.47864990463788,55.18709364551406
23.123423860790417,54.67228761122804,5,87.70845112684559,50.636466357932996
30.709359462996268,55.386097872826795,10,77.86564402224482,48.763870954670715
26.546246631572146,40.22062528857295,0,83.21656095135768,29.464938305850474
21.947615817495894,48.323079963595234,23,85.34997584203536,38.37033509519676
33.29276774566766,49.62688303270647,22,76.0943594311666,42.16889042477196
24.526150763344596,40.38384553646113,14,67.19811894045495,39.46900858926361
27.240398638937805,45.19626417490068,10,20.40030069525525,45.46573462736213
33.4100258863973,55.2057964624427,18,52.607802725618726,54.75974047640879
28.612045930537867,42.74219411457998,17,59.98136090356527,34.85130536304476
19.98726669204219,50.70620262905183,16,41.28211907135997,52.81515080647076
33.97714610142908,44.30403744034475,18,42.267311283243046,43.08590026096864
28.671036902214105,40.24241549287787,20,87.28115909971156,27.64939116587327
23.693395449170463,44.82402915199083,13,82.41976056419222,34.54753819898959
20.367625235277583,59.517475098201075,17,79.4425303851193,54.25662129517992
31.498428217595034,56.030742237659794,18,48.420826119427744,55.75707865352852
28.541236850784728,59.19153288642067,14,20.95889852862402,62.3659215451561
27.068838563597467,49.75708087852725,14,25.615557251899986,55.12927936542791
33.19617391186628,42.19472397355007,3,41.853745775232255,40.52207883485184
31.406152590817022,50.95918977947386,6,21.102003909697387,48.75789752238168
20.57847295545677,49.08754669119922,12,21.200484734063867,61.94361313711513
23.29927515252432,56.887141654792316,2,84.16223111496878,46.319338743730285
22.22431537684592,41.96165161568489,15,69.43109514833378,44.141302274080026
30.647086973735508,49.76482274043556,8,41.62691930477069,49.11453717625765
18.57005139050825,43.00097329387968,7,29.28512043206672,54.99051378286288
27.688124642812383,46.4935185378012,19,55.8145002526554,40.13409216000228
30.961797657591738,54.747141547755994,12,20.374231259805512,57.595481658854155
32.90501582494974,49.52036258737533,16,85.68896207007008,35.12510317954703
23.815389728170427,47.51776570291538,16,49.0370583572263,43.812407937609336
31.96137417942422,47.8895255714007,16,48.16344686661329,45.95144025898906
19.88073952823852,49.18893536811973,0,47.341552530724755,49.35808930747243
32.38968895948681,55.700330876741134,7,24.85298312714353,57.91185995444449
20.1673072596437,57.84169377880469,18,64.68255678542786,53.44517361138712
24.753883939526244,59.10669373007856,5,71.31025337398474,53.28756579984552
31.554021218252412,55.7380677251059,2,67.32877783118032,51.8116271302761
20.548596264929152,46.308137914960255,4,29.6904845330576,51.966258094306035
21.897273718954906,53.762694121730846,12,60.51881176249148,54.48774905872846
30.278293662682128,48.75206248110784,14,59.86391389205777,45.61471227881068
30.24062112128326,45.09341244092102,13,80.78875515589675,39.75290128897298
28.899509759050055,56.81743158851845,22,46.538936086295294,53.80911743580078
29.7971235559407,40.7685269792465,15,46.004016056160395,41.04211761586925
27.226315536909134,58.03523984270847,17,63.296894110272994,58.87886132266096
22.280584001418198,49.22954929249468,21,64.31508574496591,50.02867348637109
23.87683188956663,52.74402953616561,21,52.849965912805324,52.63432517599868
21.087161185624236,53.187078444115656,10,51.014155363129476,56.24784122359693
33.44365954267168,57.90235481413073,2,54.59033694465179,55.15928663149561
27.917660511024046,52.733393643344144,21,80.27317096523183,46.34268685172447
24.814474084981878,52.27867169520124,9,52.2816830877737,47.08185617005395
25.854098661950257,41.3330408112138,9,85.79522543788757,30.69468136953341
34.103816773400865,50.368160438904084,20,55.280263451742826,47.86488153400975
20.606973852973365,43.003380016340834,15,86.4440485226624,35.63758985844652
27.965907144285552,54.74867537442971,11,78.2982331308353,49.921696371731215
26.60010754103592,50.24443841625349,1,45.370192583108036,49.091548281530905
28.394722002389013,53.604555584167066,8,80.45489949076313,46.035057966399364
18.307873124954288,40.833458012047686,23,27.704429894078064,44.318368468948975
32.826106452050574,41.69584032091606,2,84.75330227401102,27.644382250585668
33.846010802221414,54.326467761253646,23,64.21504605580242,51.6324227841748
27.607264121016552,41.44168671997347,14,23.807352396561782,49.27796471462197
29.843064005907166,41.42513455530517,2,65.09797065555681,37.50675953023073
33.68248948001403,40.24216950469775,18,88.19733579013293,27.857903580521526
30.023056783327775,59.1300279659896,17,24.886045823024023,63.39890333867315
20.593163729542443,54.75016718918014,7,58.82813968460604,56.3740602784271
27.796902122835824,47.06502817004128,16,72.34560448315607,41.882978768038285
28.31415578850855,45.930711625753105,7,76.7181010689672,34.52178423634081
25.210221412140562,46.99406459491699,6,48.967922572455706,48.42339548097064
30.519552005620287,55.49307062362364,6,34.29165914177701,58.564163238169776
33.884239251073254,53.22741222140829,2,22.963959514066868,59.13331723951404
33.7346647194152,43.703911357349355,0,60.58083099680573,32.331198324223706
25.664269313870246,43.48218670668169,3,51.703774918732755,45.11103159910678
19.92504677929284,41.96791299426795,4,86.41210766047976,37.94086123188538
34.74230038235969,53.206054394026765,0,24.242343540043684,52.82695725564775
32.26126746958088,55.287453244434715,14,67.97767404122041,44.33698644711391
20.119265580455536,45.30092856650008,4,21.747635548404002,52.48262015294028
33.65431200449533,40.41889922061826,12,32.000392369737995,38.23543657428435
32.78823815505618,41.64343334952855,7,51.75052999459839,35.4275071628682
26.820246971143227,59.357200696900605,7,51.84107099620077,60.38765924531091
28.051682407663797,45.908895549548404,4,67.99903800535508,42.79050195748813
24.783045965792216,55.384462956762675,8,83.71491244074296,49.640158395527095
18.930947859974534,52.49327137708528,0,64.73225112404447,56.96799535522284
23.698353107980317,47.63879279305792,3,86.74745684960561,39.43866871095517
31.648508626166194,44.113745243911104,2,81.71309479145984,31.884891349637833
18.07874439107825,42.42772836318813,1,60.914985687155315,45.26439216120194
23.66948591874945,52.30025936077733,7,78.36543656431792,44.28056969791305
24.768867791046034,55.49267561275576,22,64.98043272265438,50.762260244536115
27.13572524994469,52.878085070822614,8,25.4990481646609,53.956437213666945
33.63754547901693,50.606042664983164,1,71.8395306281657,37.61089947702658
23.88788190422134,40.83902446863272,13,26.643590888714236,49.34135275513593
23.89820443223587,59.36977555188768,13,61.58579463987987,55.14891983701038
30.537521217865724,55.97428383309149,3,69.18481441007602,49.09883537557363
25.687704995126722,45.856440734019294,5,24.656932574759868,46.01435445404708
21.818281989979695,59.599406587177015,10,36.15562577485723,65.95253509974215
25.69147177425579,52.037631792726444,2,84.09705625831549,43.17809467699836
20.3945693464566,51.648453164144925,7,63.142014456302746,53.77013287794818
20.998578770605796,54.96146358859065,2,37.24002131673721,58.63820054461896
26.472252136571157,56.23539576180275,13,68.34758398036047,48.787308961501324
25.121732641577314,53.12957214663005,12,61.774349397318275,50.8455867691981
33.5523803181577,42.561914927324,12,55.11029899425638,33.56871056576827
24.160696284982762,46.765350119889966,1,88.33308824916585,38.92377592629536
27.87000195472674,58.561672806520995,12,67.84176441852563,51.73137371965736
28.748492894632015,44.49231223687704,18,46.28087767675389,47.48148609620658
18.22260576200167,47.443340476750265,5,76.00514024538076,41.24029676388048
29.280135324284082,48.64153765888392,15,81.92083050448315,42.05747803690267
21.026611436785775,48.788099793889046,1,28.765439166178197,51.84921790213488
34.33819539698074,52.25879164989051,7,34.03870844916865,48.97240300488881
20.52726637180292,58.861516754894154,16,35.13589063894458,63.22584607182444
25.048610103359405,44.8138542366501,22,68.38482665705783,45.19273474730858
19.450944357336944,42.430027526018364,1,62.212768853729834,40.18778423734217
34.9468622813811,43.94940979719875,9,63.329409528901174,32.22318477617467
26.53731517563112,57.73849800418539,15,85.85413097826506,47.98591026062205
28.121545294440743,52.916216253104125,5,74.31380729651141,42.53944185193681
19.140300115603267,45.7181357847832,1,28.955584715824823,49.14283364342213
30.749327996786022,56.318938779372345,1,44.32549576976267,55.317681606777064
21.56839508262496,57.22739992726872,12,50.4775552323015,54.45671067049087
33.266922920492135,56.93028677380556,23,47.71731121233235,48.562671885028685
21.48737388819412,58.378530672791086,14,66.85160264133154,58.908664215132696
21.241691251282333,45.044820403467234,1,82.43251722795938,39.053942280644634
18.621344353417612,55.10083857492557,6,41.42360244659516,56.25919940123646
26.025138066869985,49.2107899454828,2,58.63139954948299,44.5080687107483
27.60229926546448,56.83997105780123,7,75.258659533951,51.90795459180278
19.11704687028199,54.569813543232264,22,49.13526411917445,55.439602955664895
31.18396948381518,55.52894892999449,13,31.76826898795071,56.02852164170084
25.70591019071647,53.12323675362143,23,53.246567568462375,48.33792121183744
26.914634578568858,43.54857538939414,22,23.865576452011993,48.69907918576178
25.49296669794988,50.900538377938766,21,85.96684178015938,41.62146351136459
24.81297203488054,59.69339479049016,6,25.237484363648115,66.00909624560742
27.513885632239706,58.74776132994238,20,50.69197006754047,60.436373323354665
20.639084180822113,40.863474715940235,6,57.091688276196834,42.74205916418973
21.09277821841961,43.296296314588744,0,88.97126826010998,35.413129179307155
32.650355557229794,42.63457546909124,16,31.621527655000254,40.0425291749593
34.083962856271754,54.51959819970591,8,28.0102063028651,52.6497850983315
24.3462583767558,56.355706597138905,20,20.60943029437805,59.20689648225044
22.602659443440416,44.27022732621344,12,30.89000058085116,46.1026159968232
28.947992235063268,50.11705385903658,20,34.50910853473673,54.148147053559285
24.94848090866764,56.814060560224,18,64.14066591081647,52.859012688801336
18.431568046225863,54.65603089532501,20,35.379475327398026,60.224303612438334
20.654594155225237,50.84474410983697,18,21.436457031052765,59.6706502816819
30.171527890405756,51.806953809175454,21,77.86328418517421,44.54506797845321
29.201707012472575,50.167210938325596,16,45.59169907027767,44.62178633325303
18.46063187255922,45.95096902637641,22,44.75876806065138,53.584307341343184
21.77352675286014,51.30043985718032,22,41.17353204175486,51.45223560463867
21.928271541997212,53.777706041001814,9,88.27612940024946,49.88906075045
29.422176641178382,57.46645831721615,9,31.908079211649703,61.60046403557868
18.335079141824192,52.72582707958496,3,82.87666447672646,51.63194995424071
19.769845893737756,55.22243074086316,7,74.37623324979216,53.7520376095773
31.59857345134422,43.20143269909146,21,25.353596884951916,39.977516567517796
21.035259254923673,49.2311494883958,19,89.0710371050594,42.00306736355379
29.09668383348187,40.18663239654187,19,38.99561744773074,41.38756128388059
22.04910727779435,44.93357729043246,17,26.900804891568864,49.903375632446895
19.690503676908868,54.52923430226009,13,78.05199638880316,55.20838213517316
22.13392724699072,59.83619902698727,17,69.46728735743899,55.46380068550027
30.278537841546203,41.98356199174432,13,63.205316411453055,34.6385777132672
32.54683995780686,48.02988631722577,19,30.918660458925324,45.73271117746385
32.113737697638854,56.00141937398319,20,53.494728137917335,50.07341358718825
24.75212000351373,44.080712692577976,23,74.63892188210497,39.85091795754199
29.357447321700985,51.101698986045726,14,41.253675670068816,52.74239313390737
21.48473302206896,54.661425920593494,21,41.8182879960529,59.68108098773628
22.983511414437224,52.31970900520358,3,20.219863423368547,62.36115881312605
33.237708914859034,43.76049469230832,12,32.19703811517657,47.06137256681774
18.221032699682514,47.107691373714786,22,81.27839375852841,47.40228669560136
19.453645024525958,55.675835689707945,7,50.9222544146395,53.454016328260614
21.534066337482464,51.08453028264033,17,88.89641494641037,47.39739366013691
18.451047465854934,40.104592270858255,11,47.69955745016548,40.923152784081005
21.084402396526556,55.219815200561875,22,70.06305183461689,49.49428406245505
27.911706536484765,40.70622709880478,13,39.73433300333104,42.688395077887556
25.164217360072463,54.914675654624645,1,45.466674879865344,53.936663952692285
33.17541908830857,44.04961120330475,17,33.35081913136263,38.862909466582366
31.896540549553496,59.161469602387605,23,44.29436579495765,53.230623512602946
23.810894978863892,47.35881502604169,1,58.30662642944502,41.30133641942035
22.410198368331972,46.53863232676158,10,89.42410166854746,43.98094908233317
24.454770938843538,42.97776100664889,8,66.494119915025,35.19773139263451
28.03501402275173,46.112084309804295,11,33.947216808581985,44.89969163180715
22.557081893988897,57.53301523656401,16,23.14730091140858,63.28764191416691
28.610531433435277,59.926686752544946,14,28.844953692015743,60.91814355693234
24.959998087251087,47.36619061013697,16,59.378864089113314,49.62767751781652
27.384802074483666,48.972212619090854,17,73.56122301717365,38.470456435759715
25.414150995300382,54.441418764054745,21,85.82934451105228,47.19062144096462
23.005917912212603,57.723915609301486,5,21.107622039777457,66.30422687048343
34.12370621835666,51.860886683735686,16,56.59320990933089,50.297371329502866
30.981298500715933,47.830513963556584,22,52.96071493562238,45.45143424731135
20.381923988029694,48.25243681697248,23,65.92385153829929,50.41425687541539
32.763955590264516,53.91236292993614,17,59.170519812573936,44.033530550742576
26.286330370241732,40.064365272085574,7,68.09274054077363,34.66204708817926
33.207387857199556,52.39178674919681,8,66.06578093244332,43.81440797889904
31.59753935110436,47.10986020882715,5,28.190820740056232,52.0358085498209
25.228629575976967,55.88394662554168,4,75.98025395331037,47.087292759523876
18.381978241441995,41.85981279646264,11,28.62628030014274,45.96242933907939
22.567515109544082,51.76404533896781,10,68.8971437646396,47.48644053012584
27.20778164923474,49.619457797722475,0,49.13017573484247,44.23419229980499
28.7691297370445,52.84651051810455,10,55.96955142036185,46.59261577203483
22.38409065236444,41.297071889659364,18,83.23086100629973,40.61095074767455
20.36905325923801,51.599675748562625,8,82.29186085314406,46.73861634698653
32.19381402558808,51.22969175919047,1,77.24994139585206,43.502988551450386
34.734837071960385,51.21320188832342,11,55.710386631942626,47.46481861940107
26.93673309914566,52.06975333192909,3,71.53678670936831,45.46364351055461
20.91854785942116,53.529358744527244,3,55.90279388631666,50.861796781658505
22.62922455082927,56.0997799936154,17,80.87242577323443,48.17649272577169
18.312641501306935,45.39641440256429,14,48.19430832630299,47.233896752456324
33.543079711528485,56.50098820360124,18,87.91647410904137,46.00683772955098
20.0017684091324,49.96511364526907,12,85.26259307602143,44.39451631638913
27.80078008374231,41.541165582686624,18,71.91218336162498,30.82648584749175
22.658938751682502,41.17101858487958,16,39.559111892325035,44.663798681248046
27.42102604276849,46.684766373921214,5,29.215751215528087,53.84623702850553
29.074146601981692,55.69793954222935,15,79.82924150652383,50.81579405002053
32.10561066302243,54.15361869481831,23,31.57116002965729,57.53869506997195
21.509161619930254,55.77229929344813,11,79.79825522981349,54.508647613581616
18.18692908719417,50.34538112883219,18,54.35355046986523,51.11851474736629
20.327055711169724,48.80397995910981,4,48.458974866567296,54.10059546775541
33.30031691141779,42.94905053412568,16,83.22335451841005,28.5858347528467
32.85613131856276,46.56385507218623,22,62.26956877781945,41.759037130100495
28.156022736895242,48.680387323477504,0,60.362980499080244,46.445465522063785
28.208786627372106,41.772008593592346,23,59.113616123707835,33.600590046062074
29.305623467286345,44.41223905422422,22,45.9818661213672,45.94275543221693
20.98131173659864,51.964505881274775,9,74.9950172470389,53.00732761451898
33.545003080724314,54.713262284783795,14,37.69589108110411,50.57573531292189
25.119098923165243,59.966950227858995,22,85.72264720288925,55.886778567560036
24.513354980241456,58.66226662687116,20,82.57896435328726,48.21385598471246
26.82160098980824,52.851303990703826,20,43.623622797242874,54.21545751896179
18.798421435175936,48.42496106588144,10,71.06246388821646,47.16972622399295
20.82681726885335,52.72354729416465,12,60.125623611471404,53.2442492705337
30.5465714792483,55.71303236160464,4,43.635451139946426,58.47470841283465
19.40757735472715,42.36672381846775,0,89.19651535968127,41.03678454163645
28.2535858609286,48.19809779392577,23,21.766614209378496,55.068818593983345
22.170934864582456,56.79604571271234,11,37.685222143490066,58.41051842850682
24.6180254387136,47.67665903866088,10,56.40518427778053,50.704795750608895
22.907793525101898,51.43744542454373,16,56.53671024349947,47.15128353793165
24.046436179904134,51.755387217243964,3,61.22531524618949,53.52039824364188
30.223780388132173,43.689525062672786,14,72.61733204160436,34.83576918382191
23.051069165593976,47.24470883304577,8,63.64344813635075,41.02820773959847
27.62887888504725,46.690225774838645,20,62.01970223696259,44.665415727329986
26.092856837384694,40.5239341706413,19,23.74601240391303,42.541102554325896
29.282409811165017,40.483835277827104,18,46.35712014525088,36.50691760184074
33.92610556852088,56.63394087351547,18,36.24390177908092,52.98257939572656
30.453725652574256,45.46141619945625,11,38.57590781213828,40.65621948576663
21.653986436042864,50.36157532477631,4,58.80362320382414,47.04512890797259
18.53011329604184,45.97451147177546,9,33.96537204507259,47.46777669059562
22.458488753097026,58.813584902306815,16,40.57643707118282,61.42314832257961
28.116324821904332,45.18593517731547,4,36.59592959621381,42.15114062130026
18.874238829232254,48.5931362547787,21,86.39520602527364,46.20350168554984
26.438226202421017,57.45460500969204,15,86.12660125197667,46.86640017000268
28.146328431587115,56.838671335836175,6,62.69590910172362,57.16206674004966
23.682146143888332,43.72202835692555,8,84.716572811233,41.15015699672131
31.105507463678972,56.052866195914206,2,75.00688518278612,45.893144377199576
19.812170303274122,49.16373773475785,14,61.296351796126615,52.330536770462245
19.27734228950875,49.65937744170711,15,20.4504648047757,61.46306238264565
30.379208855461258,42.66959944831888,17,74.07614002555829,40.0303981566207
26.423352375505374,41.612030275142494,13,69.17418391119281,38.043917173608094
29.702840739271515,54.5587861394753,2,63.067755729768976,45.41347197032237
25.392064756263686,49.92922304710599,11,73.22970181777302,46.555622594683356
22.188834565064816,48.73701405230359,8,55.9045515342336,50.211483946684815
31.924739400461394,54.590164573047936,6,69.28582899249373,48.65413484852281
31.590069942472645,55.3102579798222,8,85.46204607085453,42.994270275457076
29.809840004525256,43.17816335338707,12,46.30635110922604,45.10876898008256
22.626467332909364,52.20450298955282,17,69.56852844304379,54.0722854640435
28.03392133677448,42.707081645553714,4,53.29814726076711,37.70761665479456
24.136556247980455,55.027501720580915,12,67.20797562697871,47.89915005256139
19.55689524655278,53.13910312534279,3,73.40253348880549,48.12549913599015
33.59433078285813,59.13229242166916,1,23.181675030505716,63.40431341669614
20.325916725622342,41.379160327128425,15,65.26203107640633,42.430242097234455
34.15403501495364,41.14109442302509,8,35.87188290848612,40.75017375724231
25.582098140285247,45.643741493864,8,66.90227764652968,40.99016824550969
